{
	"Title": " Convergence by numerical elements (2 3-node elements) (Fish book)",
	"nsd": 	1, 
	"ndof": 1,
	"nnp":  5,
	"nel": 	2,
	"nen": 	3,

	"E": [10000, 10000, 10000, 10000, 10000],
	"body": [0, 0.5, 1, 1.5, 2],
	"CArea":  [1, 1, 1, 1, 1],

	"ngp": 2,

	"flags": [2, 0, 0, 0, 1],
	"e_bc":  [0, 0, 0, 0, 0],
	"n_bc":  [0, 0, 0, 0, -1],
	"nd": 1,
	
	"np": 0,

	"x": [0.0, 0.5, 1.0, 1.5, 2.0],
	"y": [0.1, 0.1, 0.1, 0.1, 0.1],

	"IEN": [
		[1, 3],
		[2, 4],
		[3, 5]
    ],

	"plot_bar": "no",
	"plot_nod": "yes",
	"plot_tex": "no",
	
	"Exact": "CompressionBar"
}

