{
	"Title": " Convergence by numerical elements (8 3-node elements) (Fish book)",
	"nsd": 	1, 
	"ndof": 1,
	"nnp":  17,
	"nel": 	8,
	"nen": 	3,

	"E": [10000, 10000, 10000, 10000, 10000, 10000, 10000, 10000, 10000,
          10000, 10000, 10000, 10000, 10000, 10000, 10000, 10000],
	"body": [0.0, 0.125, 0.25, 0.375, 0.5, 0.625, 0.75, 0.875, 1.0, 1.125, 1.25,
             1.375, 1.5, 1.625, 1.75, 1.875, 2.0],
	"CArea":  [1, 1, 1, 1, 1, 1, 1, 1, 1, 1, 1, 1, 1, 1, 1, 1, 1],

	"ngp": 2,

	"flags": [2, 0, 0, 0, 0, 0, 0, 0, 0, 0, 0, 0, 0, 0, 0, 0, 1],
	"e_bc":  [0, 0, 0, 0, 0, 0, 0, 0, 0, 0, 0, 0, 0, 0, 0, 0, 0],
	"n_bc":  [0, 0, 0, 0, 0, 0, 0, 0, 0, 0, 0, 0, 0, 0, 0, 0, -1],
	"nd": 1,
	
	"np": 0,

    "x": [0.0, 0.125, 0.25, 0.375, 0.5, 0.625, 0.75, 0.875, 1.0, 1.125, 1.25,
          1.375, 1.5, 1.625, 1.75, 1.875, 2.0],
	"y": [0.1, 0.1, 0.1, 0.1, 0.1, 0.1, 0.1, 0.1, 0.1, 0.1, 0.1, 0.1, 0.1, 0.1, 0.1, 0.1, 0.1],

	"IEN": [
		[1, 3, 5, 7, 9, 11, 13, 15],
		[2, 4, 6, 8,10, 12, 14, 16],
		[3, 5, 7, 9,11, 13, 15, 17]
    ],

	"plot_bar": "no",
	"plot_nod": "yes",
	"plot_tex": "no",
	
	"Exact": "CompressionBar"
}

