{
	"Title": "Exercise 4-11 (13 element mesh)",
	
	"nsd": 2,
	"ndof": 2,
	"nnp": 22,
	"nel": 14,
	"nen": 4,
	
	"E": 70.0E+9,
	"nu": 0.3,
	
	"nd": 4,
	"ngp": 2,
	
	"flags": [2,2,2,2,0,0,0,0,0,0,
              0,0,0,0,0,0,0,0,0,0,
              0,0,0,0,0,0,0,0,0,0,
              0,0,0,0,0,0,0,0,0,0,
              0,0,0,0],

	"plane_strain": 0,
	"plot_mesh": "yes",
	"plot_nod": "yes",
	"plot_disp": "yes",
	"compute_stress": "yes",
	"plot_stress_xx": "yes",
	"plot_mises": "yes",
	"plot_tex": "no",
	"fact": 1e5,
	"print_disp":"no",

	"nbe": 1,
	"n_bc": [
		[22],
		[21],
		[0.0],
		[-5000.0],
		[0.0],
		[-5000.0]
	],

	"x": [3, 6, 5.4, 3, 2.828, 4.8, 3, 2.236, 4.5, 3,
          1.658, 4.35, 3, 1.2, 4.2, 3, 0, 3.6, 3, 0,
          3, 0],
	"y": [0, 0, 1, 1, 1, 2, 2, 2, 2.5, 2.5, 
          2.5, 2.75, 2.75, 2.75, 3, 3, 3, 4, 4, 4,
          5, 5],
	"IEN": [
		[20, 17, 14, 11, 8, 5, 1, 19, 16, 13, 
         10, 7, 4, 1],
		[19, 16, 13, 10, 7, 4, 1, 18, 15, 12,
         9, 6, 3, 2],
		[21, 19, 16, 13, 10, 7, 4, 21, 18, 15, 
        12, 9, 6, 3],
		[22, 20, 17, 14, 11, 8, 5, 21, 19, 16,
         13, 10, 7, 4]
	]
}