{
	"Title": "Exercise 4-11 (7 element mesh)",
	
	"nsd": 2,
	"ndof": 2,
	"nnp": 16,
	"nel": 7,
	"nen": 4,
	
	"E": 70.0E+9,
	"nu": 0.3,
	
	"nd": 4,
	"ngp": 2,
	
	"flags": [2,2,2,2,0,0,0,0,0,0,
              0,0,0,0,0,0,0,0,0,0,
              0,0,0,0,0,0,0,0,0,0,
              0,0],

	"plane_strain": 0,
	"plot_mesh": "yes",
	"plot_nod": "yes",
	"plot_disp": "yes",
	"compute_stress": "yes",
	"plot_stress_xx": "yes",
	"plot_mises": "yes",
	"plot_tex": "no",
	"fact": 1e5,
	"print_disp":"no",

	"nbe": 1,
	"n_bc": [
		[16],
		[15],
		[0.0],
		[-5000.0],
		[0.0],
		[-5000.0]
	],

	"x": [3, 6, 5.4, 2.828, 4.8, 2.236, 4.5, 1.658, 4.35, 1.2,
          4.2, 0, 3.6, 0, 3, 0],
	"y": [0, 0, 1, 1, 2, 2, 2.5, 2.5, 2.75, 2.75,
          3, 3, 4, 4, 5, 5],
	"IEN": [
		[1, 4, 6, 8, 10, 12, 14],
		[2, 3, 5, 7, 9, 11, 13],
		[3, 5, 7, 9, 11, 13, 15],
		[4, 6, 8, 10, 12, 14, 16]
	]
}