{
    "Title": " Convergence for concentrated force case by numerical elements (8 elements)",
    "nsd": 	1,
	"ndof": 1,
	"nnp":  17,
	"nel": 	16,
	"nen": 	2,

	"E": [10000, 10000, 10000, 10000, 10000, 10000, 10000, 10000, 10000, 10000, 10000, 10000, 10000, 10000, 10000, 10000, 10000],
	"body": [0.0, 1.875, 3.75, 5.625, 7.5, 9.375, 11.25, 13.125, 15.0, 17.125, 19.25, 21.375, 23.5, 25.625, 27.75, 29.875, 32.0],
	"CArea": [1, 1, 1, 1, 1, 1, 1, 1, 1, 1, 1, 1, 1, 1, 1, 1, 1],

	"ngp": 2,

	"flags": [2, 0, 0, 0, 0, 0, 0, 0, 0, 0, 0, 0, 0, 0, 0, 0, 1],
	"e_bc": [0, 0, 0, 0, 0, 0, 0, 0, 0, 0, 0, 0, 0, 0, 0, 0, 0],
	"n_bc": [0, 0, 0, 0, 0, 0, 0, 0, 0, 0, 0, 0, 0, 0, 0, 0, 100],
	"nd": 1,

	"np": 1,
	"xp": [15],
	"P": [100],

	"x": [0.0, 1.875, 3.75, 5.625, 7.5, 9.375, 11.25, 13.125, 15.0, 17.125, 19.25, 21.375, 23.5, 25.625, 27.75, 29.875, 32.0],
	"y": [1.0, 1.0, 1.0, 1.0, 1.0, 1.0, 1.0, 1.0, 1.0, 1.0, 1.0, 1.0, 1.0, 1.0, 1.0, 1.0, 1.0],

	"IEN": [
		[1, 2, 3, 4, 5, 6, 7, 8, 9, 10, 11 ,12, 13, 14, 15, 16],
		[2, 3, 4, 5, 6, 7, 8, 9, 10, 11 ,12, 13, 14, 15, 16, 17]
	],

	"plot_bar": "no",
	"plot_nod": "yes",
	"plot_tex": "no",
	"Exact": "ConcentratedForce"
}