{
	"Title": " Practice 3.17 16 elements",
	"nsd": 	1, 
	"ndof": 1,
	"nnp":  17,
	"nel": 	16,
	"nen": 	2,

	"E": [5, 5, 5, 5, 5, 5, 5, 5, 5, 5, 5, 5, 5, 5, 5, 5, 5],
	"body": [100, 100, 100, 100, 100, 100, 100, 100, 100, 100, 100, 100, 100, 100, 100, 100, 100],
	"CArea":  [1, 1, 1, 1, 1, 1, 1, 1, 1, 1, 1, 1, 1, 1, 1, 1, 1],

	"ngp": 2,

	"flags": [2, 0, 0, 0, 0, 0, 0, 0, 0, 0, 0, 0, 0, 0, 0, 0, 1],
	"e_bc":  [0, 0, 0, 0, 0, 0, 0, 0, 0, 0, 0, 0, 0, 0, 0, 0, 0],
	"n_bc":  [0, 0, 0, 0, 0, 0, 0, 0, 0, 0, 0, 0, 0, 0, 0, 0, 0],
	"nd": 1,
	
	"np": 0,

	"x": [0.0, 1.25, 2.5, 3.75, 5.0, 6.25, 7.5, 8.75, 10.0, 11.25, 12.5, 13.75, 15.0, 16.25, 17.5, 18.75, 20.0],
	"y": [0.0, 0.0, 0.0, 0.0, 0.0, 0.0, 0.0, 0.0, 0.0, 0.0, 0.0, 0.0, 0.0, 0.0, 0.0, 0.0, 0.0, 0.0, 0.0, 0.0],

	"IEN": [
		[1, 2, 3, 4, 5, 6, 7, 8, 9, 10, 11, 12, 13, 14, 15, 16],
		[2, 3, 4, 5, 6, 7, 8, 9, 10, 11, 12, 13, 14, 15, 16, 17]
    ],

	"plot_bar": "yes",
	"plot_nod": "yes",
	"plot_tex": "no",
	
	"Exact": "HeatConduction"
}

