{
	"Title": " Example 3-5 (2 elements)", 
	"nsd": 	1, 
	"ndof": 1,
	"nnp":  5,
	"nel": 	2,
	"nen": 	3,

	"E": [8, 8, 8, 8, 8],
	"body": [8, 8, 8, 8, 8],
	"CArea":  [4, 7, 10, 11, 12],

	"ngp": 2,

	"flags": [2, 0, 0, 0, 1],
	"e_bc":  [0, 0, 0, 0, 0],
	"n_bc":  [0, 0, 0, 0, 0],
	"nd": 1,
	
	"np": 1,
	"xp": [5],
	"P": [24],

	"x": [2.0, 3.5, 5.0, 5.5, 6.0], 
	"y": [4.0, 7.0, 10, 11, 12],

	"IEN": [
		[1, 3],
		[2, 4],
        [3, 5]
	],

	"plot_bar": "yes",
	"plot_nod": "yes",
	"plot_tex": "no",
	
	"Exact": "TaperedBar"
}

