{
	"Title": " Practice 3.17 4 elements",
	"nsd": 	1, 
	"ndof": 1,
	"nnp":  5,
	"nel": 	4,
	"nen": 	2,

	"E": [5, 5, 5, 5, 5],
	"body": [100, 100, 100, 100, 100],
	"CArea":  [1, 1, 1, 1, 1],

	"ngp": 2,

	"flags": [2, 0, 0, 0, 1],
	"e_bc":  [0, 0, 0, 0, 0],
	"n_bc":  [0, 0, 0, 0, 0],
	"nd": 1,
	
	"np": 0,

	"x": [0.0, 5.0, 10.0, 15.0, 20.0],
	"y": [0.0, 0.0, 0.0, 0.0, 0.0],

	"IEN": [
		[1, 2, 3, 4],
		[2, 3, 4, 5]
    ],

	"plot_bar": "yes",
	"plot_nod": "yes",
	"plot_tex": "no",
	
	"Exact": "HeatConduction"
}

