{
	"Title": " Example 3-5 (4 elements)", 
	"nsd": 	1, 
	"ndof": 1,
	"nnp":  9,
	"nel": 	4,
	"nen": 	3,

	"E": [8, 8, 8, 8, 8, 8, 8, 8, 8],
	"body": [8, 8, 8, 8, 8, 8, 8, 8, 8],
	"CArea":  [4, 5, 6, 7, 8, 9, 10, 11, 12],

	"ngp": 2,

	"flags": [2, 0, 0, 0, 0, 0, 0, 0, 1],
	"e_bc":  [0, 0, 0, 0, 0, 0, 0, 0, 0],
	"n_bc":  [0, 0, 0, 0, 0, 0, 0, 0, 0],
	"nd": 1,
	
	"np": 1,
	"xp": [5],
	"P": [24],

	"x": [2.0, 2.5, 3.0, 3.5, 4.0, 4.5, 5.0, 5.5, 6.0], 
	"y": [4, 5, 6, 7, 8, 9, 10, 11, 12],

	"IEN": [
		[1, 3, 5, 7],
		[2, 4, 6, 8],
        [3, 5, 7, 9]
	],

	"plot_bar": "yes",
	"plot_nod": "yes",
	"plot_tex": "no",
	
	"Exact": "TaperedBar"
}

