{
	"Title": "Exercise 4-12 (1 x 5 element mesh)",
	
	"nsd": 2,
	"ndof": 2,
	"nnp": 12,
	"nel": 5,
	"nen": 4,
	
	"E": 10000.0,
	"nu": 0.0,
	
	"nd": 4,
	"ngp": 2,
	
	"flags": [2,2,2,2,0,0,0,0,0,0,
              0,0,0,0,0,0,0,0,0,0,
              0,0,0,0],

	"plane_strain": 0,
	"plot_mesh": "no",
	"plot_nod": "no",
	"plot_disp": "no",
	"compute_stress": "no",
	"plot_stress_xx": "no",
	"plot_mises": "no",
	"plot_tex": "no",
	"fact": 1,
	"print_disp":"no",

	"nbe": 0,

    "P": [[0],[0],[0],[0],[0],[0],[0],[0],[0],[0],[0],[0],[0],[0],[0],[0],[0],[0],[0],[0],[-10],[0],[10],[0]],
	"x": [0, 0, 1, 1, 2, 2, 3, 3, 4, 4, 5, 5],
	"y": [-0.25, 0.25, -0.25, 0.25, -0.25, 0.25, -0.25, 0.25, -0.25, 0.25, -0.25, 0.25],
	"IEN": [
		[1, 3, 5, 7, 9],
		[3, 5, 7, 9, 11],
		[4, 6, 8, 10, 12],
		[2, 4, 6, 8, 10]
	]
}