{
	"Title": "Exercise 4-12 (2 x 10 element mesh)",
	
	"nsd": 2,
	"ndof": 2,
	"nnp": 33,
	"nel": 20,
	"nen": 4,
	
	"E": 10000.0,
	"nu": 0.0,
	
	"nd": 6,
	"ngp": 2,
	
	"flags": [2,2,2,2,2,2,0,0,0,0,
              0,0,0,0,0,0,0,0,0,0,
			  0,0,0,0,0,0,0,0,0,0,
			  0,0,0,0,0,0,0,0,0,0,
			  0,0,0,0,0,0,0,0,0,0,
			  0,0,0,0,0,0,0,0,0,0,
              0,0,0,0,0,0],

	"plane_strain": 0,
	"plot_mesh": "no",
	"plot_nod": "no",
	"plot_disp": "no",
	"compute_stress": "no",
	"plot_stress_xx": "no",
	"plot_mises": "no",
	"plot_tex": "no",
	"fact": 1,
	"print_disp":"no",

	"nbe": 0,
	"P": [[0],[0],[0],[0],[0],[0],[0],[0],[0],[0],
		  [0],[0],[0],[0],[0],[0],[0],[0],[0],[0],
		  [0],[0],[0],[0],[0],[0],[0],[0],[0],[0],
		  [0],[0],[0],[0],[0],[0],[0],[0],[0],[0],
		  [0],[0],[0],[0],[0],[0],[0],[0],[0],[0],
		  [0],[0],[0],[0],[0],[0],[0],[0],[0],[0],
		  [-10],[0], [0], [0], [10],[0]],

	"x": [0.0, 0.0, 0.0, 0.5, 0.5, 0.5, 1.0, 1.0, 1.0, 1.5, 1.5, 1.5, 2.0, 2.0, 2.0, 
	      2.5, 2.5, 2.5, 3.0, 3.0, 3.0, 3.5, 3.5, 3.5, 4.0, 4.0, 4.0, 4.5, 4.5, 4.5, 
		  5.0, 5.0, 5.0],
	"y": [-0.25, 0, 0.25, -0.25, 0, 0.25, -0.25, 0, 0.25, -0.25, 0, 0.25, -0.25, 0, 0.25, 
	      -0.25, 0, 0.25, -0.25, 0, 0.25, -0.25, 0, 0.25, -0.25, 0, 0.25, -0.25, 0, 0.25,
		  -0.25, 0, 0.25],
	"IEN": [
		[1, 2, 4, 5, 7, 8, 10 ,11, 13, 14, 16, 17, 19, 20, 22, 23, 25, 26, 28, 29],
		[4, 5, 7, 8, 10, 11, 13, 14, 16, 17, 19, 20, 22, 23, 25, 26, 28, 29, 31, 32],
		[5, 6, 8, 9, 11, 12, 14, 15, 17, 18, 20, 21, 23, 24, 26, 27, 29, 30, 32, 33],
		[2, 3, 5, 6, 8, 9, 11 ,12, 14, 15, 17, 18, 20, 21, 23, 24, 26, 27, 29, 30]
	]
}