{
	"Title": "Exercise 4-22 (b) mesh",

	"nsd": 2,
	"ndof": 2,
	"nnp": 34,
	"nel": 16,
	"nen": 4,

	"E": 1.0E+3,
	"nu": 0.0,

	"nd": 4,
	"ngp": 2,
	
	"flags": [2,2,2,2,0,0,0,0,0,0,
              0,0,0,0,0,0,0,0,0,0,
			  0,0,0,0,0,0,0,0,0,0,
			  0,0,0,0,0,0,0,0,0,0,
			  0,0,0,0,0,0,0,0,0,0,
              0,0,0,0,0,0,0,0,0,0,
              0,0,0,0,0,0,0,0],

	"plane_strain": 0,
	"plot_mesh": "yes",
	"plot_nod": "yes",
	"plot_disp": "yes",
	"compute_stress": "no",
	"plot_stress_xx": "no",
	"plot_mises": "no",
	"plot_tex": "no",
	"fact": 1,
	"print_disp":"yes",

	"nbe": 1,
	"n_bc":[
        [33],
        [34],
        [0],
        [-1.5],
        [0],
        [-1.5]
    ],

    "x": [0.0, 0.0, 0.25, 0.25, 0.5, 0.5, 0.75, 0.75, 
          1.0, 1.0, 1.25, 1.25, 1.5, 1.5, 1.75, 1.75, 
          2.0, 2.0, 2.25, 2.25, 2.5, 2.5, 2.75, 2.75, 
          3.0, 3.0, 3.25, 3.25, 3.5, 3.5, 3.75, 3.75, 
          4.0, 4.0],
    "y": [-0.5, 0.5, -0.5, 0.5, -0.5, 0.5, -0.5, 0.5, -0.5, 0.5, 
          -0.5, 0.5, -0.5, 0.5, -0.5, 0.5, -0.5, 0.5, -0.5, 0.5, 
          -0.5, 0.5, -0.5, 0.5, -0.5, 0.5, -0.5, 0.5, -0.5, 0.5, 
          -0.5, 0.5, -0.5, 0.5],
    "IEN": [
        [1, 3, 5, 7, 9, 11, 13, 15, 17, 19, 21, 23, 25, 27, 29, 31],
        [3, 5, 7, 9, 11, 13, 15, 17, 19, 21, 23, 25, 27, 29, 31, 33],
        [4, 6, 8, 10, 12, 14, 16, 18, 20, 22, 24, 26, 28, 30, 32, 34],
        [2, 4, 6, 8, 10, 12, 14, 16, 18, 20, 22, 24, 26, 28, 30, 32]
        ]
}