{
	"Title": "Exercise 4-22 (a) mesh",

	"nsd": 2,
	"ndof": 2,
	"nnp": 27,
	"nel": 16,
	"nen": 4,

	"E": 1.0E+3,
	"nu": 0.0,

	"nd": 6,
	"ngp": 2,
	
	"flags": [2,2,2,2,2,2,0,0,0,0,
              0,0,0,0,0,0,0,0,0,0,
			  0,0,0,0,0,0,0,0,0,0,
			  0,0,0,0,0,0,0,0,0,0,
			  0,0,0,0,0,0,0,0,0,0,
              0,0,0,0],

	"plane_strain": 0,
	"plot_mesh": "yes",
	"plot_nod": "yes",
	"plot_disp": "yes",
	"compute_stress": "no",
	"plot_stress_xx": "no",
	"plot_mises": "no",
	"plot_tex": "no",
	"fact": 1,
	"print_disp":"yes",

	"nbe": 2,
	"n_bc":[
        [25, 26],
        [26, 27],
        [0, 0],
        [-1, -1],
        [0, 0],
        [-1, -1]
    ],

	"x": [0.0, 0.0, 0.0, 0.5, 0.5, 0.5, 1.0, 1.0, 1.0, 1.5, 1.5, 1.5, 2.0, 2.0, 2.0, 
	      2.5, 2.5, 2.5, 3.0, 3.0, 3.0, 3.5, 3.5, 3.5, 4.0, 4.0, 4.0],
	"y": [-0.5, 0, 0.5, -0.5, 0, 0.5, -0.5, 0, 0.5, -0.5, 0, 0.5, -0.5, 0, 0.5, 
	      -0.5, 0, 0.5, -0.5, 0, 0.5, -0.5, 0, 0.5, -0.5, 0, 0.5],
	"IEN": [
		[1, 2, 4, 5, 7, 8, 10 ,11, 13, 14, 16, 17, 19, 20, 22, 23],
		[4, 5, 7, 8, 10, 11, 13, 14, 16, 17, 19, 20, 22, 23, 25, 26],
		[5, 6, 8, 9, 11, 12, 14, 15, 17, 18, 20, 21, 23, 24, 26, 27],
		[2, 3, 5, 6, 8, 9, 11 ,12, 14, 15, 17, 18, 20, 21, 23, 24]
	]
}